{"2022-09-18":{"adult":false,"backdrop_path":"\/iTc8GzE4I4v9NLtEQ7ZaUvIj272.jpg","genre_ids":[53],"id":284427,"original_language":"de","original_title":"Who Am I - Kein System ist sicher","overview":"Benjamin, um jovem gênio da informática é convidado para se integrar a um subversivo grupo de hackers que procura a atenção por todo o mundo.","popularity":25.609,"poster_path":"\/9sML6FGEDVPg1ecAWHmX03xg1O.jpg","release_date":"2014-09-25","title":"Invasores - Nenhum Sistema Está à Salvo","video":false,"vote_average":7.7,"vote_count":1246},"2022-09-19":{"adult":false,"backdrop_path":"\/9hYaZs1jUK60UBndbTpOu3F2z63.jpg","genre_ids":[18],"id":660334,"original_language":"fr","original_title":"Arthur Rambo","overview":"Arthur Rambo é um pseudônimo de alguém que espalha mensagens de ódio nas redes sociais. Mas, quem ele seria na verdade? Talvez um jovem e inconsequente escritor frustrado, empenhado em fazer sucesso? Quando a verdade vem à tona, a vida e a carreira de um jovem escritor descendente de imigrantes é colocada duramente em xeque.","popularity":59.552,"poster_path":"\/ytuEYisji6cs8sSqVT9btfAioDp.jpg","release_date":"2022-02-02","title":"@Arthur.Rambo - Ódio nas redes","video":false,"vote_average":5.6,"vote_count":10},"2022-09-22":{"adult":false,"backdrop_path":"\/vKuwZeAwJZ9NoZJ9pWTcBRbnUYe.jpg","genre_ids":[27],"id":615982,"original_language":"tr","original_title":"Siccîn 6","overview":"","popularity":46.878,"poster_path":"\/ufgenUJfKPQSLFu2meMycctRR7M.jpg","release_date":"2019-08-09","title":"Siccîn 6","video":false,"vote_average":5.7,"vote_count":33},"2022-09-23":{"adult":false,"backdrop_path":"\/3GW0A72MxsSgghqpjc2O2MvO8Ec.jpg","genre_ids":[27],"id":714277,"original_language":"es","original_title":"La funeraria","overview":"Bernardo é coveiro. Ele dirige seu negócio mortuário na mesma casa onde reside. Na frente ele tem seus clientes. E nos fundos, sua família disfuncional vive entre caixões, coroas de flores e entidades sobrenaturais travessas que o visitam diariamente. Eles atribuem as manifestações paranormais aos cadáveres de seu trabalho mortuário. Encontrar a verdadeira fonte de toda essa loucura será a busca deles, mas eles podem encontrar uma verdade aterrorizante.","popularity":68.734,"poster_path":"\/wJ7yGNJFfByRIGWPFkHhwSzl9Je.jpg","release_date":"2021-04-15","title":"La funeraria","video":false,"vote_average":4.5,"vote_count":24},"2022-09-24":{"adult":false,"backdrop_path":"\/al1DWKnt5kcSeV9onSJTdpqtRmq.jpg","genre_ids":[16,35,18,28],"id":45288,"original_language":"ja","original_title":"Espíritu de lucha OVA: Mashiba vs Kimura","overview":"","popularity":39.507,"poster_path":"\/dSGQnh81YWOvb9nwRysQLYeAacC.jpg","release_date":"2003-09-05","title":"Espíritu de lucha OVA: Mashiba vs Kimura","video":false,"vote_average":6.4,"vote_count":17},"2022-09-25":{"adult":false,"backdrop_path":"\/yoIwxm5PlsHfK6DfqdRdZN7A6t9.jpg","belongs_to_collection":null,"budget":0,"genres":[{"id":35,"name":"Comédia"},{"id":878,"name":"Ficção científica"}],"homepage":"","id":2462,"imdb_id":"tt0064425","original_language":"fr","original_title":"Hibernatus","overview":"","popularity":7.583,"poster_path":"\/dQTG9gwSgaGD9T8vukNFPMOcBh0.jpg","production_companies":[{"id":9,"logo_path":"\/nda3dTUYdDrJ6rZqBpYvY865aDv.png","name":"Gaumont","origin_country":"FR"},{"id":1131,"logo_path":null,"name":"Rizzoli Film","origin_country":"IT"}],"production_countries":[{"iso_3166_1":"FR","name":"France"},{"iso_3166_1":"IT","name":"Italy"}],"release_date":"1969-09-10","revenue":0,"runtime":82,"spoken_languages":[{"english_name":"Danish","iso_639_1":"da","name":"Dansk"},{"english_name":"French","iso_639_1":"fr","name":"Français"},{"english_name":"English","iso_639_1":"en","name":"English"}],"status":"Released","tagline":"","title":"Hibernatus","video":false,"vote_average":6.8,"vote_count":377}}